{
    "waiting_time_for_admission": {
        "mean": 242198.46538066329,
        "median": 241748.00319720287,
        "stdev": 5818.080977785529,
        "min": 234040.14084148806,
        "max": 251476.38344079998,
        "baseline_value": 286588.8,
        "percent_diff": -15.489207749687603
    },
    "waiting_time_in_hospital": {
        "mean": 3030500.4389109034,
        "median": 3080006.186425846,
        "stdev": 594676.2507780034,
        "min": 2134734.4438428693,
        "max": 3839939.791022685,
        "baseline_value": 3482504.4,
        "percent_diff": -12.979278966283475
    },
    "nervousness": {
        "mean": 35448.0,
        "median": 33768.0,
        "stdev": 8395.294682141895,
        "min": 27216.0,
        "max": 50400.0,
        "baseline_value": 2959006,
        "percent_diff": -98.80203014120282
    },
    "personnel_cost": {
        "mean": 672349.8333333334,
        "median": 671984.5,
        "stdev": 3269.2939553773176,
        "min": 667675,
        "max": 677436,
        "baseline_value": 733611.6,
        "percent_diff": -8.35070855840701
    },
    "total_cost": {
        "mean": 5325196.404291566,
        "median": 5378431.817229489,
        "stdev": 609148.7963924708,
        "min": 4409095.584684357,
        "max": 6161020.174463484,
        "baseline_value": 8928934.0,
        "percent_diff": -40.36022212403444
    }
}